"Category","Files","LOC","Percent"
"node_modules","153401","26881764","97.59%"
"Configs","75","389021","1.41%"
"Backend","836","96326","0.35%"
"Mobile (Customer)","100","53207","0.19%"
"Web (Customer)","95","30405","0.11%"
"Documentation","81","22813","0.08%"
"Tests","141","16297","0.06%"
"Mobile (Delivery)","42","15148","0.05%"
"Infrastructure","90","11158","0.04%"
"Shared Packages","178","7929","0.03%"
"Dashboard (Admin)","37","6060","0.02%"
"Launcher (Electron)","58","4736","0.02%"
"Dashboard (Restaurant)","32","4320","0.02%"
"Source Code","24","2942","0.01%"
"Other","26","885","0.00%"
"Tools","5","673","0.00%"
"Styles","4","450","0.00%"
"CI/CD","3","274","0.00%"

"File Type","Files","LOC","Percent"
".js","82806","17957076","65.19%"
".ts","41852","4804388","17.44%"
".json","7740","1849365","6.71%"
".md","5427","883529","3.21%"
".cpp","2003","367651","1.33%"
".h","4422","346887","1.26%"
".mjs","2535","294600","1.07%"
".kt","2758","271856","0.99%"
".cjs","992","247273","0.90%"
".java","1041","212491","0.77%"
".txt","673","93819","0.34%"
".tsx","428","52030","0.19%"
".py","60","38151","0.14%"
".swift","327","36194","0.13%"
".lock","19","14285","0.05%"
".xml","878","14083","0.05%"
".rb","66","13052","0.05%"
".css","59","7397","0.03%"
".ps1","247","7395","0.03%"
".sh","102","6914","0.03%"
".yml","369","6789","0.02%"
".cmd","242","4116","0.01%"
".c","13","3120","0.01%"
".jsx","1","3023","0.01%"
".yaml","27","1887","0.01%"
".sql","6","1327","0.00%"
".proto","18","1315","0.00%"
"(no-ext)","38","1261","0.00%"
".plist","15","596","0.00%"
".bat","6","484","0.00%"
".toml","6","422","0.00%"
".conf","13","340","0.00%"
".csv","5","294","0.00%"
".go","1","277","0.00%"
".properties","27","269","0.00%"
".cs","1","250","0.00%"
".php","1","156","0.00%"
".graphql","1","24","0.00%"
".config","3","22","0.00%"

"Top Directory","Files","LOC","Percent"
"node_modules","111699","15030677","54.57%"
"apps","32428","6736337","24.46%"
"packages","5961","3353264","12.17%"
".kilo","2452","999950","3.63%"
".kilocode","2451","999815","3.63%"
"package-lock.json","1","39945","0.15%"
".tmp_fresh.json","1","15227","0.06%"
".tmp_full.json","1","15227","0.06%"
".tmp_state.json","1","15227","0.06%"
".tmp_baseline.json","1","14305","0.05%"
".localreactdoctor.json","1","13797","0.05%"
"react-doctor-current.json","1","13797","0.05%"
".tmp_button_check.txt","1","13565","0.05%"
".tmp_step2.json","1","13549","0.05%"
".tmp_latest.json","1","13045","0.05%"
"_react_doctor_report.json","1","13045","0.05%"
"_current_report.json","1","10509","0.04%"
"_final_report.json","1","10509","0.04%"
"_baseline.json","1","10389","0.04%"
"_fresh_check.json","1","10389","0.04%"
"_live.json","1","10389","0.04%"
"_recent.json","1","10389","0.04%"
"_status.json","1","10389","0.04%"
"_step_report.json","1","10389","0.04%"
"_doctor_report.json","1","10197","0.04%"
"_doctor_v2.json","1","9449","0.03%"
"_doctor_day2.json","1","9189","0.03%"
"_doctor_final.json","1","9165","0.03%"
"_doctor_session2.json","1","9077","0.03%"
"_doctor_final2.json","1","8898","0.03%"
"infra","67","8334","0.03%"
"_day3.json","1","7953","0.03%"
"_day4.json","1","7861","0.03%"
"_scan_post_fix.json","1","7491","0.03%"
"_scan_final.json","1","7465","0.03%"
".local_web.json","1","7449","0.03%"
"_scan.json","1","7277","0.03%"
"_scan_day9.json","1","7193","0.03%"
"react-doctor-web.json","1","4304","0.02%"
"cdm_rerun.json","1","3872","0.01%"
".local_cdm.json","1","3725","0.01%"
"cdm_rerun2.json","1","3640","0.01%"
"react-doctor-mobile.json","1","3122","0.01%"
"scripts","22","2737","0.01%"
".local_admin.json","1","1872","0.01%"
"docs","11","1860","0.01%"
".local_admin_rerun.json","1","1728","0.01%"
".local_resto.json","1","1575","0.01%"
"loc-report.json","1","1536","0.01%"
"ux","20","1477","0.01%"
"react-doctor-admin.json","1","1392","0.01%"
".local_resto_rerun.json","1","1386","0.01%"
"README.md","1","1021","0.00%"
"react-doctor-restaurant.json","1","972","0.00%"
"README_temp.md","1","819","0.00%"
"count-project-loc.js","1","485","0.00%"
"PLAN.md","1","466","0.00%"
"loc-report.md","1","417","0.00%"
"TESTING_STRATEGY.md","1","305","0.00%"
"loc-report.csv","1","278","0.00%"
".github","3","274","0.00%"
"compose.infra.yaml","1","264","0.00%"
"REACT_DOCTOR_SESSION_SUMMARY.md","1","261","0.00%"
"build_output.txt","1","230","0.00%"
"RELIABILITY_TESTING.md","1","184","0.00%"
"MASTER_TRACKING_SHEET.md","1","182","0.00%"
"deleted_js_files.txt","1","181","0.00%"
"legal","3","179","0.00%"
"PROJECT_STATUS_REPORT.md","1","175","0.00%"
"README_AUDIT_REPORT.md","1","175","0.00%"
"UX_PHASE_1_Figma_Architecture_PLAN.md","1","151","0.00%"
"PRODUCTION_READINESS_SUMMARY.md","1","141","0.00%"
"UX_PHASE_1_TODO.md","1","141","0.00%"
"FrontendGaps","2","131","0.00%"
"eslint.config.cjs","1","130","0.00%"
"compose.dev.yaml","1","129","0.00%"
"SECURITY_NOTICE.md","1","122","0.00%"
"BUSINESS_ENGINE.md","1","111","0.00%"
"app.module.js","1","98","0.00%"
"TODO.md","1","96","0.00%"
"__tests__","1","91","0.00%"
"k8s","1","87","0.00%"
"PRODUCTION_GAP_CHECKLIST.md","1","84","0.00%"
"LEGAL_trademark-search.md","1","77","0.00%"
"AGENTS.md","1","73","0.00%"
"V1_SCOPE.md","1","64","0.00%"
"INTERNAL_ALPHA_TESTING.md","1","63","0.00%"
"CONTRIBUTING.md","1","52","0.00%"
"Dockerfile","1","51","0.00%"
"app.module.ts","1","49","0.00%"
".eslintrc.cjs","1","48","0.00%"
"secrets","21","39","0.00%"
".tmp_fix_labels.py","1","36","0.00%"
"playwright.config.ts","1","33","0.00%"
".storybook","2","28","0.00%"
"package.json","1","27","0.00%"
"IMPLEMENTATION_SUMMARY.md","1","21","0.00%"
"compose.debug.yaml","1","11","0.00%"
"compose.yaml","1","8","0.00%"
"backup","1","0","0.00%"

"Authored Service","Files","LOC"
"apps/customer-mobile","125","54340"
"apps/backend","373","49074"
"package-lock.json","1","39945"
"apps/customer-web","95","30405"
"apps/delivery-partner","58","15545"
".tmp_fresh.json","1","15227"
".tmp_full.json","1","15227"
".tmp_state.json","1","15227"
".tmp_baseline.json","1","14305"
".localreactdoctor.json","1","13797"
"react-doctor-current.json","1","13797"
".tmp_button_check.txt","1","13565"
".tmp_step2.json","1","13549"
".tmp_latest.json","1","13045"
"_react_doctor_report.json","1","13045"
"_current_report.json","1","10509"
"_final_report.json","1","10509"
"_baseline.json","1","10389"
"_fresh_check.json","1","10389"
"_live.json","1","10389"
"_recent.json","1","10389"
"_status.json","1","10389"
"_step_report.json","1","10389"
"_doctor_report.json","1","10197"
"_doctor_v2.json","1","9449"
"_doctor_day2.json","1","9189"
"_doctor_final.json","1","9165"
"_doctor_session2.json","1","9077"
"_doctor_final2.json","1","8898"
"_day3.json","1","7953"
"_day4.json","1","7861"
"_scan_post_fix.json","1","7491"
"_scan_final.json","1","7465"
".local_web.json","1","7449"
"_scan.json","1","7277"
"_scan_day9.json","1","7193"
"packages/ui","153","7077"
"apps/super-admin","39","6280"
"apps/restaurant-dashboard","37","4644"
"infra/scripts","35","4373"
"react-doctor-web.json","1","4304"
"cdm_rerun.json","1","3872"
".local_cdm.json","1","3725"
"cdm_rerun2.json","1","3640"
"apps/launcher","37","3381"
"react-doctor-mobile.json","1","3122"
"scripts","20","2657"
".local_admin.json","1","1872"
".local_admin_rerun.json","1","1728"
".local_resto.json","1","1575"
"loc-report.json","1","1536"
"docs","9","1482"
"react-doctor-admin.json","1","1392"
".local_resto_rerun.json","1","1386"
"infra/postgres","5","1327"
"README.md","1","1021"
"ux/phase-1","14","993"
"infra/k8s","8","987"
"react-doctor-restaurant.json","1","972"
"packages/ux","13","917"
"README_temp.md","1","819"
"apps/driver-app","2","679"
"infra/docs","3","662"
"infra","5","598"
"count-project-loc.js","1","485"
"PLAN.md","1","466"
"loc-report.md","1","417"
"docs/security","2","378"
"ux/phase-2","5","311"
"TESTING_STRATEGY.md","1","305"
"loc-report.csv","1","278"
"compose.infra.yaml","1","264"
"REACT_DOCTOR_SESSION_SUMMARY.md","1","261"
"packages/shared","7","255"
"RELIABILITY_TESTING.md","1","184"
"MASTER_TRACKING_SHEET.md","1","182"
"deleted_js_files.txt","1","181"
"legal","3","179"
"PROJECT_STATUS_REPORT.md","1","175"
"README_AUDIT_REPORT.md","1","175"
"ux","1","173"
"UX_PHASE_1_Figma_Architecture_PLAN.md","1","151"
"PRODUCTION_READINESS_SUMMARY.md","1","141"
"UX_PHASE_1_TODO.md","1","141"
"FrontendGaps","2","131"
"eslint.config.cjs","1","130"
"compose.dev.yaml","1","129"
"SECURITY_NOTICE.md","1","122"
"infra/prometheus","4","121"
"BUSINESS_ENGINE.md","1","111"
"app.module.js","1","98"
"infra/grafana","3","98"
"TODO.md","1","96"
"packages/proto","5","95"
"packages/api-types","3","91"
"__tests__","1","91"
"k8s","1","87"
"PRODUCTION_GAP_CHECKLIST.md","1","84"
"infra/opensearch","1","77"
"LEGAL_trademark-search.md","1","77"
"AGENTS.md","1","73"
"V1_SCOPE.md","1","64"
"INTERNAL_ALPHA_TESTING.md","1","63"
"CONTRIBUTING.md","1","52"
"Dockerfile","1","51"
"app.module.ts","1","49"
".eslintrc.cjs","1","48"
"packages/grpc-transport","3","42"
"infra/envoy","1","41"
"secrets","21","39"
".tmp_fix_labels.py","1","36"
"infra/alertmanager","1","33"
"playwright.config.ts","1","33"
".storybook","2","28"
"package.json","1","27"
"IMPLEMENTATION_SUMMARY.md","1","21"
"infra/filebeat","1","17"
"compose.debug.yaml","1","11"
"compose.yaml","1","8"
"backup","1","0"
